{
  "date": "2021-10-11T17:08:49.626Z",
  "title": "Tendências: Preview Primavera – Verão Passarela",
  "description": "",
  "body": "<!--StartFragment-->\n\n## Cores Primavera – Verão:\n\n[Cores](https://blog.passarela.com.br/dicas-basicas-para-aprender-a-combinar-cores/) vibrantes e em tons pasteis serão as tendências dessa Primavera – Verão de 2021. Dentre as principais cores estão: o Verde, Laranja, Amarelo e Pink! Sempre teremos as cores neutras e clássicas que nunca vão sair de moda, como o Branco, Nude e o Dourado!\n\n<!--EndFragment-->\n\n\n\n<!--StartFragment-->\n\n## Metalizados:\n\nPara os amantes de produtos com detalhes vibrantes e que queiram sair do comum, essa é a melhor pedida! Um produto que vai ser muito utilizado para aquelas pessoas que buscam ousar um pouco mais no [look](https://blog.passarela.com.br/aprenda-a-deixar-o-look-estiloso-com-tenis-casual-feminino/)!\n\n<!--EndFragment-->",
  "thumbnail": "/img/uploads/primaver.png"
}