{
  "assetsByChunkName": {
    "vendors~app-account~app-confirmation~app-order": "chunk.338e8ff6cbf2082d7e14.js",
    "vendors~app-account~app-checkout": "chunk.26f36a1f7a2ce2177f87.js",
    "vendors~app-cart~app-checkout": "chunk.7b88069952cb10fcd473.js",
    "admin": [
      "admin.7eccbfc63ed59a15807e.js",
      "admin.7eccbfc63ed59a15807e.js.map"
    ],
    "app-account": "chunk.de6ba5bb7db140771154.js",
    "app-confirmation": "chunk.571bd0b1921f82719a36.js",
    "app-order": "chunk.ec61421015e26abb7fdf.js",
    "checkout": [
      "checkout.db3bad7766e3c50f2ee9.js",
      "checkout.db3bad7766e3c50f2ee9.js.map"
    ],
    "storefront": [
      "storefront.f0ef01049f93039e4f41.css",
      "storefront.2e83fca799db74b49450.js",
      "storefront.f0ef01049f93039e4f41.css.map",
      "storefront.2e83fca799db74b49450.js.map"
    ],
    "vendors~app-cart": "chunk.458984b3ba83a4e0cc2e.js",
    "vendors~app-checkout": "chunk.feadc19dc6ed9fcb567d.js"
  }
}