{
  "sections": [
    {
      "type": "breadcrumbs",
      "enabled": true
    },
    {
      "type": "page-title",
      "title": "Blusa"
    },
    {
      "type": "document-banner",
      "enabled": false
    },
    {
      "type": "category-retail",
      "enabled": true,
      "sort": "sales"
    },
    {
      "type": "document-description",
      "enabled": true
    },
    {
      "type": "brands-carousel",
      "limit": 24,
      "offset": 0
    },
    {
      "type": "dynamic-showcase",
      "load_more": false,
      "sort": "views"
    },
    {
      "type": "brands-carousel",
      "limit": 24,
      "offset": 0,
      "sort": null,
      "autoplay": 0
    },
    {
      "type": "category-retail",
      "enabled": true,
      "sort": "sales"
    },
    {
      "type": "category-retail",
      "enabled": true,
      "sort": "sales"
    }
  ]
}