{
  "marketing_stripe": {
    "text": "Frete Grátis acima de R$ 100,00",
    "link": "",
    "background": "#d8136b",
    "color": "#ffffff"
  },
  "contacts_stripe": {
    "pages": [],
    "phone_wpp": false,
    "socials": false
  },
  "categories_list": {
    "featured": [
      "/blusas?BLUSA",
      "/cropeed?CROPPED",
      "/body?BODY",
      "/calcas?CALÇA",
      "/short?SHORT",
      "/saia?SAIA",
      "/vestido?VESTIDO",
      "/conjunto?CONJUNTO"
    ],
    "random": 0,
    "full_width": true
  },
  "search_input": true
}