{
  "meta_title": "",
  "meta_description": "",
  "sections": [
    {
      "type": "banner-slider",
      "autoplay": 9000,
      "slides": [
        {
          "start": "2021-10-08T17:34:22.344Z",
          "end": "",
          "img": "/img/uploads/confira-os-nossos-produtos-1-.png"
        }
      ]
    },
    {
      "type": "info-bar",
      "enabled": true
    },
    {
      "type": "banners-grid",
      "banners": [
        {
          "img": "/img/uploads/blusas-1-.png"
        },
        {
          "img": "/img/uploads/blusas-2-.png",
          "mobile_img": "/img/uploads/rect8589.png"
        },
        {
          "img": "/img/uploads/blusas-3-.png"
        }
      ]
    },
    {
      "type": "collection-shelf",
      "shuffle": false,
      "limit": 12,
      "page": 1,
      "collection_id": "6142117a522ab535e60f42c1:collections:Mais vendidos:/mais-vendidos",
      "sort": "views"
    },
    {
      "type": "collection-shelf",
      "shuffle": false,
      "limit": 12,
      "page": 1,
      "collection_id": "612eacc71250e82405c5b6e7:categories:SAIA:/saia",
      "sort": "views",
      "title": "SAIA"
    },
    {
      "type": "responsive-banner",
      "img": "/img/uploads/rect8589.png"
    },
    {
      "type": "brands-carousel",
      "limit": 24,
      "offset": 0,
      "sort": null,
      "autoplay": 1000
    },
    {
      "type": "blog",
      "enabled": true
    }
  ]
}